{
  "0.0": 0.5149999999999999,
  "0.005": 0.17177100000000123,
  "0.01": 0.0887330000000004,
  "0.05": -0.016159999999999952,
  "0.1": 0.0,
  "0.25": 0.0,
  "0.5": 0.0,
  "1.0": 0.0
}