{
  "0.0": 0.5979000000000001,
  "0.005": 0.1412440000000006,
  "0.01": 0.08217999999999992,
  "0.05": -0.016159999999999952,
  "0.1": 0.0,
  "0.25": 0.0,
  "0.5": 0.0,
  "1.0": 0.0
}